<?xml version="1.0"?>

<cache-config xmlns:xsi="http://www.w3.org/2001/XMLSchema-instance"
              xmlns="http://xmlns.oracle.com/coherence/coherence-cache-config"
              xsi:schemaLocation="http://xmlns.oracle.com/coherence/coherence-cache-config coherence-cache-config.xsd">

    <caching-scheme-mapping>
        <cache-mapping>
            <cache-name>json</cache-name>
            <scheme-name>REST</scheme-name>
        </cache-mapping>
    </caching-scheme-mapping>

    <caching-schemes>
        <distributed-scheme>
            <scheme-name>REST</scheme-name>
            <service-name>CoherenceREST</service-name>
            <backup-count>1</backup-count>
            <backing-map-scheme>
                <local-scheme>
                    <unit-calculator>BINARY</unit-calculator>
                    <expiry-delay>0</expiry-delay>
                </local-scheme>
            </backing-map-scheme>
            <autostart>true</autostart>
        </distributed-scheme>


        <!--
        proxy scheme that allows extend clients to connect to the cluster over
        HTTP for rest requests.
        -->
        <proxy-scheme>
            <service-name>HttpProxyService</service-name>
            <acceptor-config>
                <http-acceptor>
                    <!-- use grizzly as this supports SSE -->
                    <class-name>com.tangosol.coherence.http.grizzly.GrizzlyHttpServer</class-name>
                    <local-address>
                        <address system-property="coherence.poc.rest.address">0.0.0.0</address>
                        <port    system-property="coherence.poc.rest.port">8080</port>
                    </local-address>

                    <!--
                    The coherence cache resources.
                    Only required as we define an "/application/" resource-config below.
                    The resources defined in coherence-rest-config.xml are using the default
                    resource config and therefore will get prefixed with /cache/
                    -->
                    <resource-config>
                        <context-path>/cache</context-path>
                    </resource-config>

                </http-acceptor>
            </acceptor-config>
            <autostart system-property="coherence.poc.rest.enabled">false</autostart>
        </proxy-scheme>
    </caching-schemes>
</cache-config>