<?xml version='1.0'?>

<coherence xmlns:xsi="http://www.w3.org/2001/XMLSchema-instance"
           xmlns="http://xmlns.oracle.com/coherence/coherence-operational-config"
           xsi:schemaLocation="http://xmlns.oracle.com/coherence/coherence-operational-config
   coherence-operational-config.xsd">
    <cluster-config>
        <member-identity>
            <cluster-name system-property="coherence.cluster">RestCluster</cluster-name>
            <site-name system-property="coherence.site">pa</site-name>
            <rack-name system-property="coherence.rack">100A</rack-name>
            <machine-name system-property="coherence.machine">A1
            </machine-name>
            <process-name system-property="coherence.process">JVM1
            </process-name>
            <member-name system-property="coherence.member">A1</member-name>
            <role-name system-property="coherence.role">Server</role-name>
        </member-identity>
        <unicast-listener>
            <well-known-addresses>
<!--                <address id="1">coherence-node-01.subnet06141036.vcn06141036.oraclevcn.com</address>-->
<!--                <address id="2">coherence-node-02.subnet06141036.vcn06141036.oraclevcn.com</address>-->
            </well-known-addresses>
        </unicast-listener>
    </cluster-config>
</coherence>